FIPS,County,Net Annual Return,Per_capita_personal_income
10001,Kent,0.07053108438729963,202100.0
10003,New Castle,0.08222779802104753,229600.0
10005,Sussex,0.06776399397953388,268200.0
1001,Autauga,0.07495476009218477,153200.0
1003,Baldwin,0.08420114128761982,207800.0
1019,Cherokee,0.07945241760565512,109300.0
1031,Coffee,0.06810897312256581,111700.0
1033,Colbert,0.07796021109658262,98000.0
1051,Elmore,0.060187973885710275,159800.0
1069,Houston,0.06488971998846414,130600.0
1073,Jefferson,0.07621027808549491,115100.0
1077,Lauderdale,0.0629829508262629,112400.0
1081,Lee,0.08372210267162995,182300.0
1089,Madison,0.07322814964880059,164300.0
1097,Mobile,0.06997750676663365,116400.0
11001,District of Columbia,0.10576245483421233,569600.0
1101,Montgomery,0.08458947707656216,82800.0
1109,Pike,0.07526532486391807,125400.0
1113,Russell,0.07967963747722501,86400.0
1115,Saint Clair,0.09011780038864113,162600.0
1117,Shelby,0.07706760965462726,212300.0
1125,Tuscaloosa,0.09494698665901093,152400.0
12001,Alachua,0.07464705711803846,178000.0
12003,Baker,0.07814553392973479,169400.0
12005,Bay,0.07113147333223205,203100.0
12009,Brevard,0.07659092170137534,205100.0
12011,Broward,0.08799718033120375,256700.0
12015,Charlotte,0.10609258879170376,198500.0
12017,Citrus,0.08217528299113078,148400.0
12019,Clay,0.07009981650070814,202000.0
12023,Columbia,0.09835627022748804,122100.0
12027,De Soto,0.12071690733820307,115900.0
12031,Duval,0.07207080044227772,172100.0
12033,Escambia,0.0733303699121844,142700.0
12035,Flagler,0.07081055493964622,219500.0
12039,Gadsden,0.10033642590441716,92400.0
12041,Gilchrist,0.1020294565864016,127800.0
12043,Glades,0.1477430690319796,92300.0
12045,Gulf,0.08531001048763551,177600.0
12051,Hendry,0.10694828842272827,114600.0
12053,Hernando,0.07881456205009013,158800.0
12055,Highlands,0.08684195192709429,127200.0
12057,Hillsborough,0.07277363244893037,214500.0
12061,Indian River,0.08665431683174682,214600.0
12069,Lake,0.07096389945980365,207600.0
12071,Lee,0.09420173026056516,228600.0
12073,Leon,0.07334633458568589,175000.0
12081,Manatee,0.08742573062180148,252300.0
12083,Marion,0.07644506838974369,143700.0
12085,Martin,0.09858031658501996,267100.0
12086,Miami-Dade,0.09112035204323014,296400.0
12087,Monroe,0.1509280963567463,553800.0
12089,Nassau,0.07429703531665344,263900.0
12091,Okaloosa,0.07136754472118638,214900.0
12093,Okeechobee,0.10792552271630676,126500.0
12095,Orange,0.07323148682316437,240000.0
12097,Osceola,0.0730226987601011,205300.0
12099,Palm Beach,0.09616938842287977,270100.0
12101,Pasco,0.07876802948169118,174500.0
12103,Pinellas,0.07691481139534394,222700.0
12105,Polk,0.07514558443490756,170500.0
12107,Putnam,0.1059687449263967,103900.0
12109,Saint Johns,0.0824198376633707,306100.0
12111,Saint Lucie,0.07892960859315105,206800.0
12113,Santa Rosa,0.07328525155617918,198700.0
12115,Sarasota,0.10615245254933732,255000.0
12117,Seminole,0.07476653698872371,243900.0
12121,Suwannee,0.09451523975253276,126700.0
12127,Volusia,0.07999167565363029,189500.0
12129,Wakulla,0.06348657433971285,165200.0
12131,Walton,0.09288649302200162,357800.0
13009,Baldwin,0.08380908761213006,122600.0
13011,Banks,0.07246310754407005,170700.0
13013,Barrow,0.0699095635989829,171100.0
13015,Bartow,0.06860534006704545,159300.0
13021,Bibb,0.07735403034590396,95200.0
13029,Bryan,0.08502385605915659,212800.0
13031,Bulloch,0.076422557361485,140000.0
13035,Butts,0.06787114984926637,120200.0
13039,Camden,0.07126040444570955,153700.0
13045,Carroll,0.06195742702366463,140200.0
13047,Catoosa,0.07453998237639431,141800.0
13051,Chatham,0.0816192921135911,163100.0
13057,Cherokee,0.07213339396508922,246400.0
13059,Clarke,0.06533841795302152,167600.0
13063,Clayton,0.07260634971841143,102600.0
13067,Cobb,0.08136809815986455,245900.0
13073,Columbia,0.06748203628231503,190700.0
13077,Coweta,0.0746429930609315,205100.0
13083,Dade,0.07169314945368369,132500.0
13085,Dawson,0.0690724042679166,240500.0
13089,Dekalb,0.07574494580235762,187400.0
13095,Dougherty,0.07683945515908662,77700.0
13097,Douglas,0.07602064672704034,158500.0
13103,Effingham,0.07640729019139353,176700.0
13105,Elbert,0.09778757810126516,87000.0
13111,Fannin,0.08416325957840076,189700.0
13113,Fayette,0.08302134836916895,272400.0
13115,Floyd,0.06351616132679021,122200.0
13117,Forsyth,0.07470538026664601,332000.0
13119,Franklin,0.07827977911067581,128800.0
13121,Fulton,0.08135445156762038,269900.0
13123,Gilmer,0.08085990201317679,193800.0
13129,Gordon,0.08430612044967226,126500.0
13133,Greene,0.07487108319966494,290500.0
13135,Gwinnett,0.07527739798284001,221200.0
13137,Habersham,0.07897302481076382,141700.0
13139,Hall,0.07871711713882654,185300.0
13143,Haralson,0.07464273693938032,113400.0
13145,Harris,0.0762360217448989,202700.0
13147,Hart,0.07656378625397353,150600.0
13151,Henry,0.08099459231543077,170200.0
13153,Houston,0.0646248495733286,128900.0
13157,Jackson,0.07453082025414985,191800.0
13159,Jasper,0.0595504052953217,139900.0
13169,Jones,0.0773911384531643,123100.0
13171,Lamar,0.06885012243786992,121300.0
13175,Laurens,0.08576720810645823,93200.0
13177,Lee,0.07725484944883672,142900.0
13183,Long,0.07440384422702097,154200.0
13185,Lowndes,0.0690993126901712,124100.0
13187,Lumpkin,0.07750985736518784,198900.0
13195,Madison,0.07143974834290469,127900.0
13199,Meriwether,0.07068705606902755,90900.0
13207,Monroe,0.07751303948647005,180100.0
13211,Morgan,0.07605188783543725,220400.0
13213,Murray,0.08629897565220636,121200.0
13215,Muscogee,0.06544209515257461,96700.0
13217,Newton,0.07608475839822275,140900.0
13221,Oglethorpe,0.08111308724070193,152100.0
13225,Peach,0.0740977052738679,132800.0
13227,Pickens,0.07174445638806723,181200.0
13231,Pike,0.0679322979565278,173700.0
13233,Polk,0.08836165830836869,90100.0
13237,Putnam,0.08482158975779629,188500.0
13241,Rabun,0.08174757817682718,166300.0
13247,Rockdale,0.07813405254147142,154200.0
13255,Spalding,0.06850443390540659,107600.0
13257,Stephens,0.08244770527957468,104100.0
13277,Tift,0.0825774202799316,122300.0
13279,Toombs,0.08248442681815119,106300.0
13281,Towns,0.08171111270250912,187900.0
13285,Troup,0.0552516073645,106000.0
13291,Union,0.07935158748421751,186000.0
13293,Upson,0.09501092858430717,68000.0
13295,Walker,0.08136816564728702,98200.0
13297,Walton,0.06835521542443213,187900.0
13299,Ware,0.09226945721026644,72900.0
13311,White,0.0658018499175997,169500.0
13313,Whitfield,0.09193841059181494,114200.0
15001,Hawaii,0.0746257426703378,354900.0
15003,Honolulu,0.08815026295904027,684600.0
16001,Ada,0.05702031887378468,277500.0
16005,Bannock,0.04889097192504641,161600.0
16009,Benewah,0.0617728008590455,191200.0
16011,Bingham,0.05589608463203162,176700.0
16017,Bonner,0.054000173482977205,268700.0
16019,Bonneville,0.054105555850372765,191600.0
16027,Canyon,0.054650964002689484,200300.0
16029,Caribou,0.0761027340719154,165000.0
16035,Clearwater,0.08449967758215488,151100.0
16039,Elmore,0.056809470813788364,160700.0
16041,Franklin,0.053846081024218666,214800.0
16043,Fremont,0.05558894538304111,208800.0
16045,Gem,0.05729582705495057,220600.0
16047,Gooding,0.04779724929949362,158300.0
16051,Jefferson,0.057315832354801526,209000.0
16053,Jerome,0.052776155593589814,177000.0
16055,Kootenai,0.0609416487376105,301600.0
16057,Latah,0.05921985718697741,234400.0
16059,Lemhi,0.056708053699768265,210100.0
16065,Madison,0.04689049875534376,225700.0
16069,Nez Perce,0.06101380370158733,214300.0
16073,Owyhee,0.058379376716206376,206100.0
16075,Payette,0.06301674048364382,180000.0
16077,Power,0.06141124688524975,165400.0
16079,Shoshone,0.06197697230958829,118400.0
16081,Teton,0.05250983701631936,349800.0
16083,Twin Falls,0.06505544368684606,184700.0
17001,Adams,0.08797263641151767,103000.0
17007,Boone,0.08385424412387556,150700.0
17015,Carroll,0.09204476126533832,85300.0
17019,Champaign,0.06644830106914164,136600.0
17027,Clinton,0.08269185675966066,113400.0
17029,Coles,0.12203829743653573,79300.0
17031,Cook,0.0809636921492752,219200.0
17037,DeKalb,0.061842296992442425,164600.0
17043,Du Page,0.07560108719851544,288500.0
17053,Ford,0.11080336836625364,79500.0
17063,Grundy,0.06967710821183623,180200.0
17075,Iroquois,0.13782382998895926,78700.0
17081,Jefferson,0.1328899886822186,54500.0
17085,Jo Daviess,0.08943221717664822,121300.0
17089,Kane,0.07508191100379115,225500.0
17091,Kankakee,0.07094797540897615,118800.0
17093,Kendall,0.07481664697057391,236800.0
17097,Lake,0.0823503840719683,235600.0
17105,Livingston,0.0932557870446904,90800.0
17107,Logan,0.08322165903346969,82100.0
17111,McHenry,0.07346927656878331,211700.0
17115,Macon,0.08854315500223521,73900.0
17117,Macoupin,0.10296565035417818,66100.0
17119,Madison,0.059395841553347636,115300.0
17135,Montgomery,0.10720093355140448,56200.0
17143,Peoria,0.0585521906495415,100400.0
17147,Piatt,0.08441578479457283,121700.0
17161,Rock Island,0.053908225719251135,101100.0
17163,Saint Clair,0.06170561512634218,97000.0
17187,Warren,0.10214334144851846,62500.0
17195,Whiteside,0.09656916396587603,79800.0
17197,Will,0.07495791977347563,217100.0
17201,Winnebago,0.06097910484182265,107600.0
17203,Woodford,0.07004230977198199,155400.0
18003,Allen,0.08274788009307966,129800.0
18005,Bartholomew,0.08957162185020716,141600.0
18007,Benton,0.07933727833230249,73000.0
18009,Blackford,0.07010402191286222,70300.0
18011,Boone,0.0726264330772322,218000.0
18013,Brown,0.07006759792035894,184700.0
18017,Cass,0.06890826531481722,80700.0
18023,Clinton,0.07073997934841048,94600.0
18029,Dearborn,0.06925412757441575,172600.0
18031,Decatur,0.07386616476905382,128000.0
18039,Elkhart,0.06293181568740006,148600.0
18041,Fayette,0.07436050309874996,66300.0
18043,Floyd,0.08060567358974796,156800.0
18053,Grant,0.07432293729355638,79200.0
18057,Hamilton,0.0829298017627589,260900.0
18059,Hancock,0.08276967758130198,168100.0
18063,Hendricks,0.08253373406661298,186400.0
18065,Henry,0.07467189636220423,81100.0
18067,Howard,0.07086158646185997,91900.0
18069,Huntington,0.07296842010841229,92900.0
18071,Jackson,0.07106992543804355,126100.0
18077,Jefferson,0.06789964976125662,117900.0
18081,Johnson,0.0796242953692483,161900.0
18087,Lagrange,0.07087316387342761,160500.0
18089,Lake,0.08339494128168592,139800.0
18091,La Porte,0.059841706554179634,140000.0
18093,Lawrence,0.07357906966683453,87300.0
18095,Madison,0.06744009077521351,89300.0
18097,Marion,0.07949023505974817,131300.0
18099,Marshall,0.0833410992407721,129300.0
18103,Miami,0.07726365462051399,76400.0
18105,Monroe,0.076952935333131,173800.0
18107,Montgomery,0.08148271989840335,111400.0
18109,Morgan,0.08263467056389284,155000.0
18111,Newton,0.07736100421612684,109000.0
18113,Noble,0.0780871253930115,119700.0
18123,Perry,0.06601675178989147,102000.0
18127,Porter,0.09557210187124078,194500.0
18129,Posey,0.06511543877807052,143500.0
18135,Randolph,0.07074071071573558,75900.0
18137,Ripley,0.08133988043821752,118000.0
18139,Rush,0.0709088592257542,97500.0
18143,Scott,0.06990553926700924,99800.0
18145,Shelby,0.07545834090489666,131600.0
18149,Starke,0.06882961562395205,101200.0
18151,Steuben,0.07903525474511795,150300.0
18157,Tippecanoe,0.07539193766186962,151700.0
18161,Union,0.06615118663840554,91300.0
18163,Vanderburgh,0.06132259054119017,114900.0
18165,Vermillion,0.099630170672309,53300.0
18173,Warrick,0.08609469480830821,162400.0
18177,Wayne,0.06544115247533026,89900.0
18179,Wells,0.08175833430062067,121700.0
18183,Whitley,0.07473034427111165,147300.0
19013,Black Hawk,0.061946816241715635,127200.0
19015,Boone,0.06806012561818238,134800.0
19017,Bremer,0.07140800294824033,153500.0
19033,Cerro Gordo,0.03972305420527341,103500.0
19045,Clinton,0.06471371822599173,106700.0
19049,Dallas,0.07354580799536742,230800.0
19057,Des Moines,0.07200780692241239,89500.0
19061,Dubuque,0.06784255983627244,155800.0
19099,Jasper,0.06727095594385032,127800.0
19103,Johnson,0.07385198325351176,219600.0
19113,Linn,0.06966245496600773,142600.0
19121,Madison,0.06242330290388121,177800.0
19125,Marion,0.0740096838077647,137100.0
19127,Marshall,0.058237529194036124,98800.0
19129,Mills,0.060556657557934435,159300.0
19139,Muscatine,0.07019294687934705,142700.0
19153,Polk,0.06644048291132043,181800.0
19155,Pottawattamie,0.06457284969000207,129100.0
19157,Poweshiek,0.05617749660451008,144500.0
19163,Scott,0.0765544247891913,153100.0
19169,Story,0.07502248144763686,174500.0
19181,Warren,0.06246537779482221,184700.0
19183,Washington,0.061975987257101274,147500.0
19187,Webster,0.05830221810552439,84200.0
19193,Woodbury,0.06761478134290028,113200.0
20005,Atchison,0.06626180495916201,91200.0
20009,Barton,0.0638920463407407,78700.0
20013,Brown,0.07076693197405924,73200.0
20015,Butler,0.0664643056102505,122600.0
20027,Clay,0.06623626913928622,85800.0
20037,Crawford,0.060000401048929924,75500.0
20041,Dickinson,0.06338133657855859,94000.0
20043,Doniphan,0.07936912199335569,77100.0
20045,Douglas,0.07113799554614496,194800.0
20051,Ellis,0.05778454849681468,169100.0
20055,Finney,0.06973038554561684,148000.0
20057,Ford,0.053742001124306014,116600.0
20059,Franklin,0.07179501143293196,105400.0
20061,Geary,0.07477731669124207,127300.0
20075,Hamilton,0.05542347818562887,91900.0
20079,Harvey,0.04286477400093277,123100.0
20085,Jackson,0.06611094657752074,91700.0
20087,Jefferson,0.06569289192881311,126300.0
20091,Johnson,0.08184026231908736,279100.0
20103,Leavenworth,0.07205150733768015,169800.0
20107,Linn,0.07894719451581106,70800.0
20111,Lyon,0.05722605208937774,90700.0
20117,Marshall,0.07378590064141857,72400.0
20121,Miami,0.06436801208934971,190700.0
20125,Montgomery,0.07216735436278507,55000.0
20133,Neosho,0.06561630320552375,66300.0
20139,Osage,0.059857484947604164,97200.0
20145,Pawnee,0.06528168078154112,69400.0
20149,Pottawatomie,0.06424015908389835,180700.0
20151,Pratt,0.0682612877336445,71600.0
20155,Reno,0.058130839058996187,89900.0
20165,Rush,0.09179487129785918,45700.0
20169,Saline,0.054360507227056036,118100.0
20173,Sedgwick,0.0636384063480299,131700.0
20177,Shawnee,0.0603713588720028,116600.0
20191,Sumner,0.062195146150914565,78600.0
2020,Anchorage,0.06824196192424535,340400.0
20209,Wyandotte,0.061759955399096365,99200.0
21005,Anderson,0.06999465168343462,146500.0
21015,Boone,0.08622123930737789,193000.0
21019,Boyd,0.10581597391144938,90700.0
21021,Boyle,0.06866672080492678,139400.0
21027,Breckinridge,0.06968422186383927,98200.0
21035,Calloway,0.06786311675064045,129400.0
21037,Campbell,0.08362323091318878,148300.0
21047,Christian,0.06550937014448391,108400.0
21049,Clark,0.07288621731582418,151300.0
21059,Daviess,0.06819468795113272,124900.0
21067,Fayette,0.07224224468595075,178000.0
21073,Franklin,0.07402252195420048,129300.0
21081,Grant,0.0725093800589922,145700.0
21093,Hardin,0.07061988574696001,144600.0
21111,Jefferson,0.07593987078472443,157500.0
21113,Jessamine,0.07390549794002002,151000.0
21117,Kenton,0.0760552321190129,153200.0
21145,McCracken,0.06111275349643275,131500.0
21151,Madison,0.07210573451380889,155900.0
21157,Marshall,0.08144283905876551,90400.0
21163,Meade,0.06448408909087706,123600.0
21167,Mercer,0.05952956657621032,132200.0
21179,Nelson,0.058607179629015724,153200.0
21185,Oldham,0.08370352364620949,270100.0
21187,Owen,0.06659415734904309,136300.0
21209,Scott,0.0904629907125476,179000.0
21211,Shelby,0.08001517795241082,187300.0
21217,Taylor,0.0669942284358165,103300.0
2122,Kenai Peninsula,0.06455282445048309,243200.0
21221,Trigg,0.07051475291932639,106000.0
21227,Warren,0.06807219709887254,176800.0
2170,Matanuska Susitna,0.0734912231502422,258000.0
22001,Acadia,0.12811720562653828,90300.0
22005,Ascension,0.10368680402527164,201100.0
22011,Beauregard,0.11659444432355605,106800.0
22015,Bossier,0.08502418679468195,163900.0
22033,East Baton Rouge,0.09379960937059316,165400.0
22043,Grant,0.13631817596007365,85400.0
22047,Iberville,0.13252415264577808,92500.0
22049,Jackson,0.14551509859978204,75500.0
22051,Jefferson,0.10353501012659083,166800.0
22053,Jefferson Davis,0.15386782809974114,75000.0
22055,Lafayette,0.0910985908072965,166100.0
22057,Lafourche,0.10843695377509477,121000.0
22061,Lincoln,0.08036314365573156,165300.0
22063,Livingston,0.10280678565266137,158800.0
22069,Natchitoches,0.10533742203879888,127300.0
22071,Orleans,0.08220166920017058,182900.0
22075,Plaquemines,0.08683298739189492,225400.0
22089,Saint Charles,0.08615503515467711,189300.0
22095,Saint John the Baptist,0.0967908245610364,136800.0
22101,Saint Mary,0.1204640216764848,85600.0
22103,Saint Tammany,0.09539681338008656,187200.0
22105,Tangipahoa,0.10300366246633974,130300.0
22113,Vermilion,0.1653768675103551,72900.0
22115,Vernon,0.13853027504873575,92700.0
22119,Webster,0.2061703683002214,50500.0
22121,West Baton Rouge,0.08149644926365432,193100.0
22125,West Feliciana,0.06453703145364949,247600.0
23011,Kennebec,0.0533422820591238,151900.0
23013,Knox,0.06680294710763574,222200.0
23019,Penobscot,0.08274931768892063,143800.0
23023,Sagadahoc,0.07295514280666587,208400.0
24003,Anne Arundel,0.08738876230764804,338000.0
24005,Baltimore,0.09151271336824708,240400.0
24009,Calvert,0.0721506560595107,316600.0
24011,Caroline,0.08683851153991477,182800.0
24013,Carroll,0.07381440883266238,318100.0
24015,Cecil,0.06478927308362221,226700.0
24017,Charles,0.0826529073487764,295800.0
24019,Dorchester,0.09613673974548873,141800.0
24021,Frederick,0.0740059762229746,310500.0
24023,Garrett,0.08465125144705267,161600.0
24025,Harford,0.07444301598556571,275500.0
24027,Howard,0.08134955975076946,442600.0
24029,Kent,0.08902479090671793,198700.0
24031,Montgomery,0.08108842744819703,441500.0
24033,Prince Georges,0.08627861095506835,289400.0
24035,Queen Annes,0.08270901608141742,320300.0
24037,Saint Marys,0.07277884012656463,277200.0
24039,Somerset,0.12634837853438108,101200.0
24041,Talbot,0.07982617994604009,302600.0
24043,Washington,0.06180115345439525,188800.0
24045,Wicomico,0.08004268773586516,149900.0
24047,Worcester,0.06140534297118716,243800.0
24510,Baltimore City,0.10405532188891634,116600.0
25001,Barnstable,0.061794663373474674,418000.0
25005,Bristol,0.07909205870241062,304200.0
25009,Essex,0.07870892277002932,432200.0
25011,Franklin,0.10047677966085862,212900.0
25013,Hampden,0.08331059158961912,199700.0
25015,Hampshire,0.08546582389866246,269400.0
25017,Middlesex,0.08914148062525716,539600.0
25021,Norfolk,0.08272742734206398,491700.0
25023,Plymouth,0.0715069101973952,377800.0
25025,Suffolk,0.1023601450144076,550200.0
25027,Worcester,0.07286355002481405,276800.0
26007,Alpena,0.0802142487114358,78300.0
26009,Antrim,0.06994723695015014,141200.0
26015,Barry,0.07139906170942638,156700.0
26017,Bay,0.0674218349749062,85900.0
26019,Benzie,0.06920990919622368,172900.0
26023,Branch,0.08206211267251236,98100.0
26025,Calhoun,0.06342164435407215,95100.0
26027,Cass,0.08255082307984819,111900.0
26031,Cheboygan,0.07907996573379651,102700.0
26033,Chippewa,0.07676806660892305,85300.0
26037,Clinton,0.0629660579710151,171400.0
26041,Delta,0.06935616503301223,92500.0
26055,Grand Traverse,0.0704983119727376,214300.0
26057,Gratiot,0.07009270370328499,84800.0
26065,Ingham,0.07660452342968355,127000.0
26067,Ionia,0.07097967893948426,134100.0
26069,Iosco,0.08740863703349604,73200.0
26075,Jackson,0.0627541610590731,132600.0
26077,Kalamazoo,0.07995379148473704,155900.0
26079,Kalkaska,0.07779949262522455,90900.0
26081,Kent,0.0766882562556963,184900.0
26087,Lapeer,0.0629676203850855,163000.0
26091,Lenawee,0.06979872327387841,128200.0
26093,Livingston,0.07346802317975082,260700.0
26099,Macomb,0.06907867411119707,168900.0
26101,Manistee,0.07016719682437046,115800.0
26105,Mason,0.07672263646406566,106900.0
26111,Midland,0.06510302980315738,127200.0
26115,Monroe,0.056810103081064274,152200.0
26117,Montcalm,0.07440851659899726,92300.0
26123,Newaygo,0.07749286759531436,90600.0
26125,Oakland,0.07590718753329401,245600.0
26137,Otsego,0.07652187722876608,105000.0
26139,Ottawa,0.07121127828149941,204100.0
26147,Saint Clair,0.056622069833215376,141700.0
26159,Van Buren,0.07879469423703837,126900.0
26161,Washtenaw,0.07828807082250412,279700.0
26163,Wayne,0.07188001470967842,74400.0
26165,Wexford,0.0815175357515286,89400.0
27003,Anoka,0.07678739554692443,242300.0
27005,Becker,0.06968413426187325,214200.0
27007,Beltrami,0.09013806296382194,151900.0
27013,Blue Earth,0.06884893658748978,188200.0
27017,Carlton,0.08175150248679322,162100.0
27019,Carver,0.08025271559509799,324000.0
27025,Chisago,0.07009024040458475,229900.0
27027,Clay,0.06930754223299747,191200.0
27035,Crow Wing,0.075884885022456,177400.0
27037,Dakota,0.08019206300236055,274500.0
27039,Dodge,0.07209032094777196,189900.0
27041,Douglas,0.06784253191978566,207900.0
27047,Freeborn,0.08953939208069593,98600.0
27049,Goodhue,0.08108786233855136,187100.0
27053,Hennepin,0.07714914244748101,276500.0
27055,Houston,0.074134222544263,171400.0
27059,Isanti,0.07888776147068542,192400.0
27061,Itasca,0.09514275026836247,138800.0
27065,Kanabec,0.078903980376425,171100.0
27067,Kandiyohi,0.08067710971368484,156500.0
27079,Le Sueur,0.08102319785852212,186900.0
27083,Lyon,0.08403924559338938,128100.0
27085,McLeod,0.07592202168204608,164800.0
27093,Meeker,0.08374454413523072,152700.0
27095,Mille Lacs,0.07869528440965333,169800.0
27097,Morrison,0.07263149804977598,186000.0
27109,Olmsted,0.06734349090200792,216600.0
27123,Ramsey,0.07589298674824907,239700.0
27131,Rice,0.07104051728757688,218800.0
27137,Saint Louis,0.07939467423892038,146200.0
27139,Scott,0.08917618049233335,279300.0
27141,Sherburne,0.07068313151090982,240500.0
27145,Stearns,0.07790533289443569,181000.0
27147,Steele,0.07506159648623263,162600.0
27163,Washington,0.08027784711700367,291400.0
27171,Wright,0.06421810835795205,239100.0
28001,Adams,0.08350939341189192,108200.0
28029,Copiah,0.10263690335196107,70800.0
28033,DeSoto,0.08875562045939771,170400.0
28035,Forrest,0.0762400740045011,124600.0
28045,Hancock,0.07702935888706869,149800.0
28059,Jackson,0.07878356869525964,117300.0
28071,Lafayette,0.08787780989598658,202900.0
28073,Lamar,0.07279062878697573,187400.0
28081,Lee,0.08496846383619744,133500.0
28087,Lowndes,0.08077778178816229,134800.0
28109,Pearl River,0.08490954487810765,145200.0
28113,Pike,0.07129986387928249,112500.0
28117,Prentiss,0.0770304731333116,87400.0
28121,Rankin,0.09818163725075586,166400.0
28131,Stone,0.08834772187377764,116200.0
28145,Union,0.08080559119825577,163300.0
29007,Audrain,0.06909010122108954,100100.0
29019,Boone,0.06330109840882366,177600.0
29025,Caldwell,0.056323594576437874,107800.0
29027,Callaway,0.0599520297171476,149400.0
29029,Camden,0.04793848770393143,205800.0
29031,Cape Girardeau,0.04903123357721331,146400.0
29043,Christian,0.042382956044654745,165000.0
29047,Clay,0.07157644865538085,183300.0
29051,Cole,0.04890831266204306,154000.0
29055,Crawford,0.04843211406743432,133900.0
29059,Dallas,0.04783801552568854,129700.0
29071,Franklin,0.03556877527524715,154200.0
29077,Greene,0.04712820257103421,136800.0
29095,Jackson,0.07054001265116253,135800.0
29097,Jasper,0.053446265500720486,105200.0
29099,Jefferson,0.06870522548648185,166700.0
29101,Johnson,0.06915796227508635,159700.0
29105,Laclede,0.054274135119666285,121000.0
29109,Lawrence,0.05824229062166136,100300.0
29113,Lincoln,0.06464634055051573,164500.0
29135,Moniteau,0.06269842918932596,118800.0
29145,Newton,0.047708831445009744,132500.0
29151,Osage,0.03940914103409173,158100.0
29157,Perry,0.05032494901418575,136700.0
29161,Phelps,0.04658672222480575,128000.0
29165,Platte,0.07417152136499229,228900.0
29169,Pulaski,0.04944920473427165,159900.0
29175,Randolph,0.06629475910660823,98200.0
29183,Saint Charles,0.07880800583920393,223100.0
29189,Saint Louis,0.06652045689165204,182100.0
29209,Stone,0.04568375382497742,159200.0
29510,Saint Louis City,0.06669496972392634,119400.0
30007,Broadwater,0.05022777986956965,176900.0
30009,Carbon,0.055435761166351835,206000.0
30013,Cascade,0.06330269154968445,187200.0
30017,Custer,0.0457154789732302,144400.0
30021,Dawson,0.04387296439813397,168600.0
30023,Deer Lodge,0.050274196396567834,118100.0
30027,Fergus,0.050946768218802105,135800.0
30029,Flathead,0.055024783566452976,293700.0
30031,Gallatin,0.06000350927236792,383300.0
30041,Hill,0.05493562233359309,168800.0
30043,Jefferson,0.05302734853756856,182700.0
30047,Lake,0.04214627543477535,262100.0
30049,Lewis and Clark,0.057058564740560626,227100.0
30053,Lincoln,0.0463292572375635,160700.0
30057,Madison,0.06007205040851441,212300.0
30061,Mineral,0.07669494306169786,139900.0
30063,Missoula,0.0544543251196982,300600.0
30065,Musselshell,0.062088624342952994,126200.0
30067,Park,0.05266379331067327,222200.0
30081,Ravalli,0.05510556669015575,212000.0
30095,Stillwater,0.05246588426427714,193100.0
30101,Toole,0.06841950283274609,139800.0
30111,Yellowstone,0.060028170913159325,224100.0
31053,Dodge,0.07271621473331721,133300.0
31055,Douglas,0.06906913479672966,167500.0
31067,Gage,0.09142753623562548,106700.0
31079,Hall,0.06902099720359718,151800.0
31109,Lancaster,0.06690356739566647,179000.0
31111,Lincoln,0.06125414980161361,139900.0
31131,Otoe,0.0770355056531052,140700.0
31153,Sarpy,0.0659667240110871,196200.0
31159,Seward,0.06624687363194362,171600.0
31177,Washington,0.06365027256985524,182300.0
32003,Clark,0.054199657535217764,266200.0
32005,Douglas,0.06961693175894491,403600.0
32007,Elko,0.06962257049819394,233900.0
32019,Lyon,0.06638586454899617,251100.0
32031,Washoe,0.06334126474045111,354700.0
32510,Carson City,0.05757635023858534,293100.0
33001,Belknap,0.06627999660712731,236800.0
33003,Carroll,0.07520091459132057,244000.0
33005,Cheshire,0.067095683536993,191600.0
33007,Coos,0.08054575728770667,113600.0
33009,Grafton,0.06731633811202539,205400.0
33011,Hillsborough,0.071447506648095,277900.0
33013,Merrimack,0.0655752706748819,243000.0
33015,Rockingham,0.06739921388298875,341100.0
33017,Strafford,0.06474135745073034,243600.0
33019,Sullivan,0.07354511446940908,178700.0
34001,Atlantic,0.07773332080761668,177600.0
34003,Bergen,0.0659919941141759,462300.0
34005,Burlington,0.07934470873989664,226100.0
34007,Camden,0.07738049183573549,171500.0
34011,Cumberland,0.08355745967299523,130700.0
34013,Essex,0.05103617496754464,384000.0
34015,Gloucester,0.08554226472413935,193600.0
34017,Hudson,0.05713535608420639,428700.0
34019,Hunterdon,0.07743374279748498,380400.0
34021,Mercer,0.08525203995961163,235800.0
34023,Middlesex,0.07673400566258272,321700.0
34025,Monmouth,0.07668867436949134,415900.0
34027,Morris,0.07699476465129561,435100.0
34029,Ocean,0.07350245314724496,278900.0
34031,Passaic,0.052677016644356985,329600.0
34033,Salem,0.06479586267485682,151100.0
34035,Somerset,0.07497473070874698,400800.0
34037,Sussex,0.08063190240864568,229400.0
34039,Union,0.0571800038980526,336100.0
34041,Warren,0.06932242982845452,224700.0
35001,Bernalillo,0.0634920069883655,195700.0
35013,Dona Ana,0.059867093666866815,163100.0
35017,Grant,0.05140263352416161,122800.0
35027,Lincoln,0.0681864274349311,192600.0
35028,Los Alamos,0.07358413899915901,292400.0
35029,Luna,0.06766736864084713,96000.0
35031,McKinley,0.07224694358189887,133400.0
35039,Rio Arriba,0.07811972979715329,169500.0
35043,Sandoval,0.06999233339570317,194800.0
35049,Santa Fe,0.07692136775369073,336400.0
35051,Sierra,0.08428706589759277,77400.0
35061,Valencia,0.05683221770981557,141800.0
36001,Albany,0.0806026410869725,229500.0
36005,Bronx,0.06136993096136825,416700.0
36007,Broome,0.08291162243717763,114100.0
36009,Cattaraugus,0.12662663838023636,77900.0
36011,Cayuga,0.09971756900285272,120900.0
36015,Chemung,0.11553904722344348,95500.0
36017,Chenango,0.11639111136891928,92100.0
36019,Clinton,0.11802921178278312,128900.0
36021,Columbia,0.07214360275109866,225300.0
36023,Cortland,0.09306820613829286,119800.0
36025,Delaware,0.1035037758793949,137100.0
36027,Dutchess,0.08739295959253815,268300.0
36029,Erie,0.06237811140050192,161900.0
36035,Fulton,0.11622886932497635,115300.0
36037,Genesee,0.0994001713086461,116900.0
36043,Herkimer,0.11980479247463165,98400.0
36045,Jefferson,0.0788826411410136,135900.0
36047,Kings,0.07123958097308393,789800.0
36055,Monroe,0.07989932523840669,141600.0
36057,Montgomery,0.10763641163351766,106000.0
36059,Nassau,0.09469343503765187,531600.0
36061,New York,0.07606548136456731,1315700.0
36063,Niagara,0.067902703914375,134000.0
36067,Onondaga,0.08428807554636647,138300.0
36071,Orange,0.07920542808604472,246700.0
36073,Orleans,0.09583990704177003,102300.0
36075,Oswego,0.06914205900118017,102200.0
36077,Otsego,0.08917216529743563,131300.0
36079,Putnam,0.08536645464200983,341600.0
36081,Queens,0.0762448686992763,637400.0
36083,Rensselaer,0.06911595694002881,181200.0
36085,Richmond,0.06792159576424234,521500.0
36087,Rockland,0.08304715849916175,453700.0
36089,Saint Lawrence,0.15984478002773875,80200.0
36091,Saratoga,0.07868122892096811,265900.0
36093,Schenectady,0.07599937649454834,169900.0
36095,Schoharie,0.10232114454914223,128500.0
36101,Steuben,0.1198287904179902,94500.0
36107,Tioga,0.09986924828705558,122600.0
36109,Tompkins,0.08565103738219451,203000.0
36111,Ulster,0.0792289388521598,222900.0
36115,Washington,0.09690890398931773,144500.0
36117,Wayne,0.0900341850773743,126000.0
36119,Westchester,0.10164714548285728,616100.0
37001,Alamance,0.0610891899833713,143000.0
37007,Anson,0.09924456920303258,62900.0
37009,Ashe,0.09309478024424904,132900.0
37019,Brunswick,0.05929760203805025,236300.0
37021,Buncombe,0.06653109949010888,278500.0
37025,Cabarrus,0.07241797033317954,189300.0
37031,Carteret,0.05542079972112003,250100.0
37033,Caswell,0.07945227825780976,96300.0
37035,Catawba,0.05884681762665427,136000.0
37037,Chatham,0.07292860233770497,281500.0
37039,Cherokee,0.08309664917589722,141200.0
37043,Clay,0.08363966535226391,156300.0
37049,Craven,0.06663245198337292,145000.0
37051,Cumberland,0.05953220860289325,108900.0
37053,Currituck,0.062128092968581836,262200.0
37055,Dare,0.06178254457676473,310800.0
37057,Davidson,0.06139799381723567,127600.0
37059,Davie,0.07543148456564618,165500.0
37061,Duplin,0.07585267624574082,84100.0
37063,Durham,0.06714987610741488,217300.0
37067,Forsyth,0.07789690469650701,139100.0
37069,Franklin,0.0662490451265261,161800.0
37071,Gaston,0.07042898041536777,143200.0
37077,Granville,0.07808301305100175,151500.0
37081,Guilford,0.06981400713024342,141900.0
37083,Halifax,0.08138624605245065,76200.0
37085,Harnett,0.07109375857944958,158200.0
37087,Haywood,0.09120475226227327,130000.0
37089,Henderson,0.06838127333233728,247600.0
37093,Hoke,0.0600545769979456,152200.0
37097,Iredell,0.06565705079216604,190800.0
37099,Jackson,0.07938078271241722,185400.0
37101,Johnston,0.07513908141862713,171600.0
37105,Lee,0.06773340095688872,120100.0
37107,Lenoir,0.06909459439879785,94000.0
37113,Macon,0.06952871443092118,174200.0
37115,Madison,0.0703390375939709,192600.0
37119,Mecklenburg,0.06746434709206599,229600.0
37129,New Hanover,0.06780897366309936,228500.0
37133,Onslow,0.05081675902850873,139900.0
37135,Orange,0.06490672713236206,289500.0
37139,Pasquotank,0.0703501642091256,145700.0
37141,Pender,0.07332796862217618,225900.0
37143,Perquimans,0.07030384818673256,167100.0
37145,Person,0.08202347304906157,138500.0
37149,Polk,0.0685856993122491,208600.0
37151,Randolph,0.046969198832456815,130000.0
37155,Robeson,0.08072878843640033,74900.0
37157,Rockingham,0.0902043091658292,65000.0
37159,Rowan,0.05862066014774345,130100.0
37161,Rutherford,0.06717671563457171,119300.0
37165,Scotland,0.07605062790660058,79000.0
37167,Stanly,0.07293389579744351,132500.0
37169,Stokes,0.07560842379613818,140200.0
37171,Surry,0.0767915064398329,108400.0
37173,Swain,0.08146045272798709,145500.0
37179,Union,0.07787529062276025,224900.0
37183,Wake,0.06396926973496778,282000.0
37189,Watauga,0.06652536923567404,233100.0
37191,Wayne,0.07579377383283628,82900.0
38017,Cass,0.06081179353882226,227000.0
38067,Pembina,0.06856636191450564,81300.0
38071,Ramsey,0.08860134436679508,137700.0
38077,Richland,0.07470758765142511,113600.0
38097,Traill,0.05091802469929437,121600.0
39001,Adams,0.0795754315292787,79900.0
39003,Allen,0.06762547920034932,92200.0
39007,Ashtabula,0.07319435257788287,90500.0
39017,Butler,0.08689111209629555,167300.0
39023,Clark,0.051801496948054256,105700.0
39025,Clermont,0.07659997032403397,166500.0
39029,Columbiana,0.07549329195824203,85200.0
39031,Coshocton,0.07121715161547651,90500.0
39035,Cuyahoga,0.07198076726949007,125300.0
39037,Darke,0.07378143784120274,113900.0
39043,Erie,0.07554653184975202,126800.0
39045,Fairfield,0.08305807397263464,180900.0
39049,Franklin,0.06921457872136369,173300.0
39051,Fulton,0.06999571207717807,133500.0
39055,Geauga,0.07092129415177717,226500.0
39065,Hardin,0.0742009684313445,101400.0
39069,Henry,0.06528365445888054,122000.0
39079,Jackson,0.07296522148311609,86400.0
39083,Knox,0.07447465323067104,138900.0
39085,Lake,0.07233009004860018,145200.0
39089,Licking,0.07229069641584347,172800.0
39091,Logan,0.07176606388063103,122000.0
39093,Lorain,0.060857541196151624,137500.0
39095,Lucas,0.06281422980369246,95500.0
39097,Madison,0.07133597312290314,154400.0
39099,Mahoning,0.06822307564899344,84900.0
39101,Marion,0.0720108454507122,85200.0
39103,Medina,0.07529241636959562,195100.0
39107,Mercer,0.06681618791984352,147500.0
39113,Montgomery,0.06250360507987869,102100.0
39117,Morrow,0.06752581286529362,136600.0
39119,Muskingum,0.06297329502596269,105900.0
39123,Ottawa,0.07869045612707164,134600.0
39127,Perry,0.07395448565763356,93600.0
39129,Pickaway,0.07719168843587075,160400.0
39133,Portage,0.08253714658616515,153600.0
39139,Richland,0.04681929300589974,103100.0
39141,Ross,0.07075882697314785,113300.0
39143,Sandusky,0.07531394015727151,107900.0
39145,Scioto,0.08186574045174466,76000.0
39147,Seneca,0.08003868586574535,92100.0
39149,Shelby,0.06852611841088473,136300.0
39151,Stark,0.06322407118875302,123600.0
39153,Summit,0.06508488372251807,130000.0
39155,Trumbull,0.06535916431356964,82600.0
39159,Union,0.07039937653383427,198100.0
39165,Warren,0.08382244706254517,216500.0
39169,Wayne,0.07294087978150272,143000.0
39171,Williams,0.07469177477049649,93700.0
40009,Beckham,0.07199689470737661,90200.0
40013,Bryan,0.07695706209733913,103700.0
40017,Canadian,0.0770452638269167,161300.0
40019,Carter,0.07992148502192083,85300.0
40021,Cherokee,0.07593445535573197,94400.0
40027,Cleveland,0.06931052680717846,158200.0
4003,Cochise,0.050560836137305866,139200.0
40031,Comanche,0.058751913393381275,86400.0
40037,Creek,0.06754071815161028,96400.0
40041,Delaware,0.06500577058655747,151700.0
40047,Garfield,0.07368495380310458,104100.0
40049,Garvin,0.09920421997323813,62700.0
4005,Coconino,0.07445599916785868,352800.0
40051,Grady,0.06811094424970468,116200.0
40065,Jackson,0.09090192637076024,56200.0
4007,Gila,0.06804491707723502,197900.0
40079,LeFlore,0.08573457696885525,76400.0
40083,Logan,0.05865295512797295,154600.0
40087,McClain,0.0680852784447526,159800.0
4009,Graham,0.08104046067082536,152000.0
40097,Mayes,0.07348404324377178,106700.0
40101,Muskogee,0.06476692878812745,69300.0
40109,Oklahoma,0.06874914395558664,130400.0
40113,Osage,0.06875292142768234,109100.0
40119,Payne,0.0820894071601223,149500.0
40121,Pittsburg,0.08039509713051653,84900.0
40123,Pontotoc,0.07788084109351638,94500.0
40125,Pottawatomie,0.06925225848386503,87900.0
4013,Maricopa,0.06294462956355071,262900.0
40131,Rogers,0.050511302441366535,157100.0
40133,Seminole,0.10952693254293934,49200.0
40135,Sequoyah,0.07759610699676245,87600.0
40137,Stephens,0.08417017144762177,63200.0
40143,Tulsa,0.06461209820964632,140000.0
40145,Wagoner,0.08191633431296595,138100.0
40147,Washington,0.07597115008112078,92800.0
4015,Mohave,0.06532228829164241,207800.0
40153,Woodward,0.0796639800914584,98300.0
4017,Navajo,0.05886632049134476,186900.0
4019,Pima,0.06098276906904115,197200.0
4021,Pinal,0.05736779524211836,202800.0
4023,Santa Cruz,0.08666147697471842,130700.0
4025,Yavapai,0.07245415106414035,293900.0
4027,Yuma,0.05039745772736665,143200.0
41003,Benton,0.06999192053572137,350200.0
41005,Clackamas,0.06654999169333636,433100.0
41007,Clatsop,0.06772550869010972,286100.0
41009,Columbia,0.06390151645648026,287400.0
41011,Coos,0.07082514314816431,192500.0
41013,Crook,0.07019116921840703,239100.0
41015,Curry,0.06139444842770071,308600.0
41017,Deschutes,0.057482172717912214,379000.0
41019,Douglas,0.05160699250185778,193800.0
41027,Hood River,0.060649067719593136,422400.0
41029,Jackson,0.06352497047828479,296800.0
41031,Jefferson,0.07061431960953479,229100.0
41033,Josephine,0.05763735596383636,274600.0
41035,Klamath,0.06553973353878455,165000.0
41039,Lane,0.05768428441941152,282400.0
41041,Lincoln,0.06069099003855696,274200.0
41043,Linn,0.0639944862126664,239400.0
41045,Malheur,0.08613540628227209,146300.0
41047,Marion,0.06621646378466929,261400.0
41051,Multnomah,0.05957139844515065,403300.0
41053,Polk,0.0597955088522824,296400.0
41057,Tillamook,0.06990805832924475,287100.0
41059,Umatilla,0.0741013902085668,170300.0
41061,Union,0.07972592591750298,172000.0
41065,Wasco,0.06564708054611552,235300.0
41067,Washington,0.058981512737024525,406500.0
41071,Yamhill,0.06291590077772509,317400.0
42001,Adams,0.06336000298465884,200100.0
42003,Allegheny,0.06240398440160195,150300.0
42007,Beaver,0.07200971089256045,136200.0
42009,Bedford,0.08151589939708563,122300.0
42011,Berks,0.06284267047407745,173600.0
42015,Bradford,0.051773515698843114,132700.0
42017,Bucks,0.07196233070172531,322400.0
42025,Carbon,0.07144455268364919,146700.0
42029,Chester,0.07868244110887844,343100.0
42033,Clearfield,0.10081736328642824,71400.0
42035,Clinton,0.05255537429321271,137100.0
42037,Columbia,0.07869830376138268,128600.0
42039,Crawford,0.09460774761914316,86700.0
42041,Cumberland,0.07347853895784401,197200.0
42043,Dauphin,0.07646057618162684,157000.0
42045,Delaware,0.07261863353107785,211400.0
42049,Erie,0.056813606774789686,121600.0
42051,Fayette,0.07845805037952641,87300.0
42055,Franklin,0.06318102905721858,167500.0
42067,Juniata,0.07648506713451901,142000.0
42069,Lackawanna,0.08851175147312049,120200.0
42071,Lancaster,0.054538540231390806,201500.0
42075,Lebanon,0.061898848972789786,166900.0
42077,Lehigh,0.07942105358123305,193600.0
42079,Luzerne,0.05903363672759895,99700.0
42081,Lycoming,0.05489271626946138,144000.0
42083,McKean,0.10562486761919307,59200.0
42089,Monroe,0.0750833381296842,148700.0
42091,Montgomery,0.07989112477650832,303900.0
42095,Northampton,0.07001718562798671,206500.0
42097,Northumberland,0.06523843975698755,79300.0
42099,Perry,0.07055177891783586,160300.0
42101,Philadelphia,0.08101339113146272,150100.0
42103,Pike,0.08599356554147028,143800.0
42109,Snyder,0.07533288379269841,151200.0
42111,Somerset,0.05215689482570217,92900.0
42117,Tioga,0.07219669765706882,123600.0
42129,Westmoreland,0.05577908943867788,126600.0
42133,York,0.06546090885075376,175100.0
44001,Bristol,0.0795649921173671,341400.0
44003,Kent,0.0755403148707335,236900.0
44005,Newport,0.08854842731439304,402900.0
44007,Providence,0.07310097859787823,246300.0
45007,Anderson,0.06299400408251678,145200.0
45013,Beaufort,0.09517252899994008,305600.0
45015,Berkeley,0.08559150758908607,191800.0
45019,Charleston,0.08765429475628113,326400.0
45027,Clarendon,0.08133470434085352,101900.0
45029,Colleton,0.0906068211214682,120700.0
45035,Dorchester,0.08662051809962268,205900.0
45037,Edgefield,0.06669715428569853,136900.0
45041,Florence,0.08573011318363309,117700.0
45043,Georgetown,0.09173289060465764,202900.0
45045,Greenville,0.08825100059081148,187600.0
45047,Greenwood,0.07641213081185297,104700.0
45051,Horry,0.08722864080993659,173000.0
45053,Jasper,0.1019531903154286,133700.0
45055,Kershaw,0.07449718836826867,120200.0
45057,Lancaster,0.08070177764860646,162500.0
45059,Laurens,0.08391594589625911,99300.0
45063,Lexington,0.09039010152247433,141500.0
45073,Oconee,0.06611394491964179,152800.0
45075,Orangeburg,0.09459405875313816,77700.0
45077,Pickens,0.08558396199112718,151300.0
45079,Richland,0.08418418917069725,135600.0
45083,Spartanburg,0.08641432053449473,136300.0
45085,Sumter,0.09448206209044956,70300.0
45091,York,0.0851070762353802,180600.0
46099,Minnehaha,0.05840475478161749,190000.0
46103,Pennington,0.06932412558133794,205700.0
46135,Yankton,0.06725917893753121,166000.0
47001,Anderson,0.05436201552451782,137600.0
47003,Bedford,0.0911516006954426,140300.0
47009,Blount,0.07214275065500578,175700.0
47011,Bradley,0.06223563557598386,144900.0
47015,Cannon,0.09194734297755072,137100.0
47019,Carter,0.07290660348270933,109600.0
47021,Cheatham,0.07298992217848647,188400.0
47031,Coffee,0.0849487207183942,131800.0
47035,Cumberland,0.058404539003983624,138400.0
47037,Davidson,0.0762565867368148,258200.0
47043,Dickson,0.07484534581814836,158200.0
47045,Dyer,0.08072516148844908,75700.0
47047,Fayette,0.07120072453178004,200300.0
47051,Franklin,0.09460190711588548,122100.0
47053,Gibson,0.07779342088356031,76500.0
47055,Giles,0.08980363382759889,100500.0
47059,Greene,0.056477611887289364,100100.0
47063,Hamblen,0.06582907935853438,124900.0
47065,Hamilton,0.08979056879650088,165000.0
47081,Hickman,0.12506739148957385,86500.0
47085,Humphreys,0.07993330119635385,104400.0
47089,Jefferson,0.0800093880092587,135800.0
47093,Knox,0.07710015754033009,174200.0
47103,Lincoln,0.08324004934881571,107600.0
47105,Loudon,0.06375734860541864,191600.0
47107,McMinn,0.06867247694287683,114300.0
47113,Madison,0.06532968014565035,109600.0
47115,Marion,0.1029471391547216,104300.0
47119,Maury,0.07119841682439795,192300.0
47123,Monroe,0.09715447423253364,121000.0
47125,Montgomery,0.06068084374796801,156000.0
47141,Putnam,0.06178869739524,147000.0
47145,Roane,0.06631306578222942,127300.0
47147,Robertson,0.07105877228776257,188800.0
47149,Rutherford,0.07265273533834879,222500.0
47157,Shelby,0.06830682657356778,126300.0
47161,Stewart,0.0560469830206772,110800.0
47163,Sullivan,0.059819459002937024,127500.0
47165,Sumner,0.07984686835176412,234700.0
47167,Tipton,0.08465730379093299,137100.0
47171,Unicoi,0.06644838561523751,112200.0
47179,Washington,0.05326918136524365,152800.0
47183,Weakley,0.09553287908769988,70400.0
47185,White,0.09375052240311517,105500.0
47187,Williamson,0.09446744341122797,453700.0
47189,Wilson,0.0795321324683828,275600.0
48001,Anderson,0.10012658386561717,94600.0
48007,Aransas,0.08320067217105223,199000.0
48009,Archer,0.1007682561352818,137100.0
48015,Austin,0.07869381480418276,198600.0
48021,Bastrop,0.07275038402954727,188600.0
48027,Bell,0.06543093892335893,133200.0
48029,Bexar,0.0658586877404421,174500.0
48031,Blanco,0.0732795367666665,304000.0
48035,Bosque,0.08183365968070579,123300.0
48037,Bowie,0.10522600690879803,97400.0
48039,Brazoria,0.08114078813753109,218400.0
48041,Brazos,0.07685223813216939,208400.0
48043,Brewster,0.0712648105682114,192400.0
48049,Brown,0.08384782499174863,80500.0
48051,Burleson,0.09584512668646053,123000.0
48053,Burnet,0.07859996308818093,196100.0
48055,Caldwell,0.08095955330614397,142200.0
48059,Callahan,0.09570210942820444,110100.0
48061,Cameron,0.07493366674308068,90200.0
48071,Chambers,0.0795760814704977,208700.0
48073,Cherokee,0.11156822619647204,87200.0
48077,Clay,0.0869105529426807,97000.0
48085,Collin,0.06657681580422546,328100.0
48089,Colorado,0.10966271002208286,133900.0
48091,Comal,0.06463380145248943,308500.0
48097,Cooke,0.09225432813096993,135400.0
48099,Coryell,0.062270572709668175,102400.0
48113,Dallas,0.07736178116176189,197200.0
48121,Denton,0.0708166177355741,285300.0
48123,De Witt,0.12358140102304227,101500.0
48139,Ellis,0.07836139789590785,210200.0
48141,El Paso,0.05854134823071973,121900.0
48143,Erath,0.0897225466557833,132500.0
48147,Fannin,0.11652947509592193,92500.0
48157,Fort Bend,0.06993946153528259,254000.0
48159,Franklin,0.0911856922898464,148100.0
48163,Frio,0.105405809265569,88800.0
48167,Galveston,0.07877503414135123,207100.0
48169,Garza,0.1590582538875707,51000.0
48171,Gillespie,0.0734123256132697,289800.0
48177,Gonzales,0.10775823260498656,109600.0
48179,Gray,0.098128696338666,78200.0
48187,Guadalupe,0.06865036138642731,226000.0
48189,Hale,0.08543868793641506,72600.0
48199,Hardin,0.09338018231824097,143000.0
48201,Harris,0.08104082587008472,183300.0
48203,Harrison,0.0825460587619727,90100.0
48207,Haskell,0.13325516785250216,58600.0
48209,Hays,0.06388914108321612,264300.0
48213,Henderson,0.0946903876806172,142300.0
48215,Hidalgo,0.07215677084385448,99800.0
48217,Hill,0.10723438118335578,86700.0
48221,Hood,0.07845951836773568,211500.0
48231,Hunt,0.08514130883780323,108400.0
48245,Jefferson,0.10437235822489414,95100.0
48249,Jim Wells,0.0942296835017836,93300.0
48251,Johnson,0.07985559394584485,188500.0
48253,Jones,0.1230905356061732,66700.0
48255,Karnes,0.10306851868315482,88600.0
48257,Kaufman,0.07812317639730228,200700.0
48259,Kendall,0.08091784408309972,344500.0
48265,Kerr,0.08804099130261768,191300.0
48271,Kinney,0.13124555831165996,64500.0
48273,Kleberg,0.07389475479994048,110600.0
48279,Lamb,0.1584949616619166,45400.0
48281,Lampasas,0.07448032115696307,159200.0
48287,Lee,0.09492272820064933,137700.0
48289,Leon,0.09589558367621176,126100.0
48293,Limestone,0.10465510383108008,95900.0
48297,Live Oak,0.08039166561042661,129800.0
48299,Llano,0.07465026219097327,236700.0
48303,Lubbock,0.0747094405592647,131700.0
48309,McLennan,0.07280299805351108,142400.0
48313,Madison,0.11973988859383485,101800.0
48315,Marion,0.11012935804269837,107100.0
48323,Maverick,0.07224636371798153,129800.0
48335,Mitchell,0.11620487157521114,66500.0
48337,Montague,0.1046546167159511,98500.0
48339,Montgomery,0.0781277981531615,241300.0
48341,Moore,0.07409091412858544,116600.0
48353,Nolan,0.10398903608627506,71100.0
48355,Nueces,0.0888413490561331,147900.0
48361,Orange,0.11290598901784805,105800.0
48367,Parker,0.06460701337427448,266600.0
48371,Pecos,0.10626101413159003,91100.0
48375,Potter,0.07009582503870497,84900.0
48379,Rains,0.1016082732129761,116500.0
48381,Randall,0.07934322519607723,165800.0
48391,Refugio,0.14506206586107134,77800.0
48395,Robertson,0.11419524167969362,93000.0
48397,Rockwall,0.07661869638536936,276600.0
48401,Rusk,0.09467845749519213,124100.0
48407,San Jacinto,0.09672667736342676,128500.0
48409,San Patricio,0.09733209260903128,131500.0
48417,Shackelford,0.08852899634333493,85400.0
48423,Smith,0.07641489738517737,153900.0
48425,Somervell,0.08057134671614481,237700.0
48439,Tarrant,0.07262283833399273,202400.0
48441,Taylor,0.06611333164108048,128200.0
48451,Tom Green,0.07991144779963917,139100.0
48453,Travis,0.06021974743326931,336100.0
48457,Tyler,0.11224866060244892,99100.0
48459,Upshur,0.09190707248406643,137100.0
48467,Van Zandt,0.10562146052524103,120300.0
48471,Walker,0.08634898984138585,175200.0
48475,Ward,0.09176727759095164,97800.0
48477,Washington,0.08139238339194813,184000.0
48479,Webb,0.061619423364061066,138500.0
48481,Wharton,0.09414333792297534,130200.0
48485,Wichita,0.06512473904201152,87400.0
48487,Wilbarger,0.11870837128253532,59800.0
48491,Williamson,0.061214811140289524,270200.0
48493,Wilson,0.06525043573425758,248700.0
48497,Wise,0.07477393285312785,204200.0
49003,Box Elder,0.0682626116171609,215500.0
49011,Davis,0.06733152519250657,324100.0
49013,Duchesne,0.038884408580526414,207700.0
49021,Iron,0.055421617582377104,211600.0
49023,Juab,0.08491230351399158,187200.0
49035,Salt Lake,0.062238748098497075,347000.0
49041,Sevier,0.060108956614127323,195100.0
49043,Summit,0.1328215914228763,633900.0
49045,Tooele,0.06780353319903214,250600.0
49049,Utah,0.058180739532649885,325800.0
49053,Washington,0.0623399267440072,286400.0
49057,Weber,0.06074626012637047,250100.0
50015,Lamoille,0.07332171164955871,223200.0
50027,Windsor,0.07819605332950784,190500.0
5005,Baxter,0.07185268651813839,127900.0
5007,Benton,0.06407433624780877,176600.0
5023,Cleburne,0.07436522524584735,132200.0
5031,Craighead,0.090313707065652,120300.0
5033,Crawford,0.06588647417313992,110200.0
5035,Crittenden,0.07918521331927668,87300.0
5045,Faulkner,0.05763094092117142,145200.0
5051,Garland,0.08507668962442712,140200.0
5055,Greene,0.07462753267079249,99600.0
5063,Independence,0.07321267968972696,93200.0
5071,Johnson,0.07035177081069123,91600.0
5085,Lonoke,0.06391575536716851,133000.0
5091,Miller,0.08190083060463182,106500.0
51003,Albemarle,0.07424237677842017,331100.0
51009,Amherst,0.07981040356212425,149500.0
51013,Arlington,0.09560629240257114,666200.0
51015,Augusta,0.07848829542199923,204800.0
51019,Bedford,0.07090134802593892,199100.0
51023,Botetourt,0.07331389484809918,185900.0
51031,Campbell,0.06296874331438974,146800.0
51033,Caroline,0.07614956800021948,181500.0
51041,Chesterfield,0.07324357535610694,232200.0
51043,Clarke,0.07231276591422926,318300.0
51047,Culpeper,0.08698778835289349,256800.0
51057,Essex,0.07366767136929897,174000.0
51059,Fairfax,0.09552313868087027,533800.0
51061,Fauquier,0.061117187027372975,372200.0
51065,Fluvanna,0.08058153014008954,204300.0
51069,Frederick,0.07584737734082395,239700.0
51073,Gloucester,0.07544096341449387,221600.0
51075,Goochland,0.08487042491821109,280200.0
51079,Greene,0.07342355323601625,221700.0
51083,Halifax,0.1166319262603875,76400.0
51085,Hanover,0.07350323650748937,273100.0
51087,Henrico,0.07473913544376197,229800.0
51093,Isle of Wight,0.07320643800115019,245200.0
51095,James City,0.08471941558265092,312200.0
51099,King George,0.07284526824341124,267100.0
51101,King William,0.07381259711506641,195000.0
51103,Lancaster,0.07845841281425253,216800.0
51107,Loudoun,0.07233858983510079,486400.0
51109,Louisa,0.0787450213254553,205300.0
51113,Madison,0.0806273347135253,197000.0
51119,Middlesex,0.07524397736601902,234600.0
51121,Montgomery,0.06552986655408671,211300.0
51125,Nelson,0.08358516668747616,187700.0
51127,New Kent,0.07398096808819597,247600.0
5113,Polk,0.08029411668397426,90600.0
51137,Orange,0.07259773430644026,217800.0
51145,Powhatan,0.07630750552485867,268800.0
51147,Prince Edward,0.10847065243616258,118300.0
51149,Prince George,0.08000553832507842,193800.0
5115,Pope,0.0677759334699977,113000.0
51153,Prince William,0.07657530834631404,363500.0
51155,Pulaski,0.0873257770734241,112300.0
51161,Roanoke,0.06957334584633948,184100.0
51163,Rockbridge,0.07566835077430671,184200.0
51165,Rockingham,0.06760468773583883,191400.0
51171,Shenandoah,0.07557672602312511,180400.0
51173,Smyth,0.11806891551057545,75400.0
51177,Spotsylvania,0.0709368076230192,258100.0
51179,Stafford,0.07790808039033224,330500.0
51187,Warren,0.06525603602877658,210500.0
5119,Pulaski,0.06602704351575563,130400.0
51193,Westmoreland,0.08572233906789614,175300.0
51197,Wythe,0.08141396703708442,120100.0
51199,York,0.07950031081472902,296500.0
5125,Saline,0.07584047701392699,156500.0
5131,Sebastian,0.062399991066320784,113900.0
5141,Van Buren,0.07186430985030287,89800.0
5143,Washington,0.07720241355870737,176500.0
5145,White,0.06466624598961046,110900.0
51520,Bristol City,0.08612533782610979,97400.0
51540,Charlottesville City,0.0643012098019454,284000.0
51550,Chesapeake City,0.07764630453452127,259600.0
51570,Colonial Heights City,0.07099142079478896,166100.0
51600,Fairfax City,0.08010949473642877,505000.0
51610,Falls Church City,0.0960768978583245,731700.0
51630,Fredericksburg City,0.06531500265199199,319100.0
51650,Hampton City,0.07360304817643833,161900.0
51660,Harrisonburg City,0.0523270609586582,186800.0
51670,Hopewell City,0.06870753791325,110200.0
51680,Lynchburg City,0.05647799215078313,136300.0
51700,Newport News City,0.071931431509782,174700.0
51710,Norfolk City,0.07468639324907224,184000.0
51735,Poquoson City,0.07490220381482741,304000.0
51740,Portsmouth City,0.07021179879625579,150000.0
51760,Richmond City,0.0599554531152117,211300.0
51770,Roanoke City,0.0603387795898964,112500.0
51775,Salem City,0.07567576649189693,154300.0
51790,Staunton City,0.07397639976038928,151400.0
51800,Suffolk City,0.07940899072816905,230700.0
51810,Virginia Beach City,0.0769009431721755,261100.0
51820,Waynesboro City,0.07491579518159251,152900.0
51830,Williamsburg City,0.07932979060407701,253400.0
51840,Winchester City,0.07832072501748434,220900.0
53001,Adams,0.07635091752300455,168700.0
53005,Benton,0.06678768554091903,268100.0
53007,Chelan,0.06201659198245407,300800.0
53009,Clallam,0.06511016064249314,279200.0
53011,Clark,0.06887451806435894,343200.0
53015,Cowlitz,0.058743117618032886,247500.0
53017,Douglas,0.06543834008625894,317800.0
53021,Franklin,0.06302371065401613,224100.0
53025,Grant,0.04908161320592585,168000.0
53027,Grays Harbor,0.0470681603182087,173200.0
53029,Island,0.05757001804064644,392400.0
53031,Jefferson,0.06489956463391149,363200.0
53033,King,0.08073032228105523,634500.0
53035,Kitsap,0.0650497421524807,352100.0
53037,Kittitas,0.0811032295914002,280100.0
53041,Lewis,0.05177136727567255,225500.0
53045,Mason,0.06421265738581468,263200.0
53053,Pierce,0.06942917751154129,332800.0
53055,San Juan,0.06688832748254288,576500.0
53057,Skagit,0.06400884668909362,340700.0
53059,Skamania,0.06175433865237118,331000.0
53061,Snohomish,0.06709271815010732,461300.0
53063,Spokane,0.062288009987870374,230200.0
53065,Stevens,0.0829563257743234,171400.0
53067,Thurston,0.06652982723920572,305500.0
53071,Walla Walla,0.06326671053344947,225000.0
53073,Whatcom,0.052202835856496516,380200.0
53075,Whitman,0.06107449762740728,242300.0
53077,Yakima,0.0598714065613957,195700.0
54011,Cabell,0.081963278706588,91600.0
54033,Harrison,0.07110685661266508,94900.0
54039,Kanawha,0.07450023579990912,96600.0
54049,Marion,0.07603061479483242,95900.0
54061,Monongalia,0.0786478630550259,182200.0
54069,Ohio,0.0775997493062022,105000.0
54079,Putnam,0.061601199319731466,155000.0
54081,Raleigh,0.07333333115407893,82600.0
54107,Wood,0.06799734327261679,100500.0
55005,Barron,0.05844918668523338,140600.0
55015,Calumet,0.04813643178447733,173400.0
55021,Columbia,0.05026979683265384,187600.0
55025,Dane,0.054475782003269815,268400.0
55027,Dodge,0.05607070078612023,154000.0
55029,Door,0.05190091671818743,174700.0
55031,Douglas,0.05371744850178276,127200.0
55033,Dunn,0.06678135270545704,154700.0
55035,Eau Claire,0.052558933515009135,162100.0
55039,Fond du Lac,0.053647440116289816,143700.0
55043,Grant,0.07063130112350126,126500.0
55045,Green,0.05476088495494468,161400.0
55047,Green Lake,0.062010369938881024,131300.0
55049,Iowa,0.057730960062070236,156400.0
55055,Jefferson,0.054611866118813295,191800.0
55057,Juneau,0.06730996667906318,109200.0
55059,Kenosha,0.06863088170977591,177000.0
55061,Kewaunee,0.0429376751514208,139900.0
55073,Marathon,0.053645648235635585,138900.0
55075,Marinette,0.06606259979650585,100600.0
55079,Milwaukee,0.0562900704943151,153500.0
55085,Oneida,0.055576571708466735,154400.0
55093,Pierce,0.0458097045272605,202300.0
55095,Polk,0.05060301920899355,172600.0
55101,Racine,0.04270257312255713,216900.0
55109,Saint Croix,0.06328956891028605,266800.0
55111,Sauk,0.052631355627682605,173000.0
55125,Vilas,0.04929228240836606,188900.0
55127,Walworth,0.07874323417407257,205400.0
55133,Waukesha,0.06755467116455717,282800.0
55135,Waupaca,0.05729862598278074,132300.0
55141,Wood,0.0613882867385455,113300.0
56001,Albany,0.0523887802181798,228600.0
56013,Fremont,0.0451535695633892,221000.0
56015,Goshen,0.05077470422350963,164000.0
56017,Hot Springs,0.055582236450742166,150000.0
56021,Laramie,0.061903389028419686,246200.0
56025,Natrona,0.046540838655962036,204600.0
56031,Platte,0.049573247435078495,188200.0
56037,Sweetwater,0.078879068471028,221300.0
56045,Weston,0.060356263605846776,153200.0
6001,Alameda,0.08710046389991563,878300.0
6005,Amador,0.0723077346970547,303100.0
6007,Butte,0.0656069889909687,279700.0
6009,Calaveras,0.06825518187414342,292600.0
6011,Colusa,0.08768618792874433,211500.0
6013,Contra Costa,0.09537033830464303,617800.0
6017,El Dorado,0.06382614896606746,467600.0
6019,Fresno,0.060458924363586776,243100.0
6021,Glenn,0.07336860434362355,208100.0
6023,Humboldt,0.06003653434320552,293800.0
6025,Imperial,0.04847646259587725,201400.0
6027,Inyo,0.0683989560053715,344100.0
6029,Kern,0.06373215234223158,209300.0
6031,Kings,0.054793582299652636,208300.0
6033,Lake,0.07181307576591166,244000.0
6035,Lassen,0.08611136299888082,160200.0
6037,Los Angeles,0.1009267598025568,606900.0
6039,Madera,0.058173073605719286,241800.0
6041,Marin,0.09204694398736614,1145900.0
6043,Mariposa,0.08331121815493125,236000.0
6047,Merced,0.05543205876103228,252400.0
6053,Monterey,0.09982173876315599,552100.0
6055,Napa,0.10204540118631016,661100.0
6057,Nevada,0.05912502494188768,449400.0
6059,Orange,0.10385268759056608,719500.0
6061,Placer,0.0672318907214792,480800.0
6063,Plumas,0.07208095286438733,258800.0
6065,Riverside,0.0738893726471027,373300.0
6067,Sacramento,0.06309055811848661,360700.0
6069,San Benito,0.07270079733079676,518300.0
6071,San Bernardino,0.06649398287992682,340700.0
6073,San Diego,0.09719038217402602,584100.0
6075,San Francisco,0.07532571421227419,1366200.0
6077,San Joaquin,0.058391723613542786,355300.0
6079,San Luis Obispo,0.0918462967227925,601900.0
6081,San Mateo,0.07081553191027308,1381600.0
6085,Santa Clara,0.061885381339419586,1321300.0
6087,Santa Cruz,0.09109169572511444,833500.0
6089,Shasta,0.0633128152467015,252200.0
6095,Solano,0.07365870374734727,431400.0
6097,Sonoma,0.10822686404034748,635800.0
6099,Stanislaus,0.05668052293573216,301500.0
6101,Sutter,0.05896293146573872,283800.0
6107,Tulare,0.060971030395916025,201900.0
6111,Ventura,0.10351558566512127,597800.0
6113,Yolo,0.06870667998249085,425000.0
6115,Yuba,0.0574784510662828,252500.0
8001,Adams,0.08037377969412618,331500.0
8005,Arapahoe,0.08409573293701282,368400.0
8007,Archuleta,0.06908221241973256,333800.0
8013,Boulder,0.07127290498808894,523900.0
8014,Broomfield,0.07785913223177696,427300.0
8019,Clear Creek,0.07354186126565575,341600.0
8025,Crowley,0.08057082686996442,127000.0
8031,Denver,0.08134928652690541,414700.0
8035,Douglas,0.08619385431820728,479800.0
8037,Eagle,0.14194256160077914,732400.0
8039,Elbert,0.10142967549172703,493100.0
8041,El Paso,0.07257280934329251,280300.0
8045,Garfield,0.07296479437397238,392000.0
8047,Gilpin,0.07603972419040426,343400.0
8049,Grand,0.0771803133790953,327000.0
8059,Jefferson,0.07639202201517692,416400.0
8065,Lake,0.07407028305430151,232400.0
8069,Larimer,0.06622087871228409,371200.0
8071,Las Animas,0.08618872259447037,157400.0
8075,Logan,0.11701213158559096,132000.0
8077,Mesa,0.05708876868102331,228300.0
8083,Montezuma,0.0740161696394862,218400.0
8085,Montrose,0.07441207169084213,232100.0
8093,Park,0.07015872355630742,328500.0
8101,Pueblo,0.0681672499737666,156400.0
8105,Rio Grande,0.08249041515981377,156100.0
8107,Routt,0.07346940283235819,458800.0
8119,Teller,0.07579026415368817,294500.0
8123,Weld,0.07222693155101903,315400.0
9001,Fairfield,0.10386867990129448,333400.0
9003,Hartford,0.07264000520435343,226000.0
9005,Litchfield,0.06474200905486578,270000.0
9007,Middlesex,0.05863131684424271,294400.0
9009,New Haven,0.08228365260981277,210400.0
9011,New London,0.06918994538538592,233000.0
9013,Tolland,0.07986626060628015,216500.0
9015,Windham,0.07330332619723855,168800.0
